Batch_ID,Student_ID
1,699
1,903
1,911
1,913
1,914
1,928
1,939
1,985
1,993
1,1013
1,1015
1,1198
1,1287
1,2557
1,2626
1,2627
1,2629
1,2631
1,2633
1,2636
1,2637
1,2640
1,2641
1,2642
1,2643
1,2644
1,2646
1,2647
1,2648
1,2649
1,2650
1,2652
1,2653
1,2655
1,2658
1,2659
1,2660
1,2661
1,2662
1,2663
1,2666
1,2667
1,2668
1,2669
1,2671
1,2672
1,2673
1,2674
1,2675
1,2676
1,2677
1,2678
1,2679
1,2680
1,2681
1,2682
1,2685
1,2686
1,2688
1,2689
1,2690
1,2691
1,2692
1,2693
1,2694
1,2698
1,2699
1,2700
1,2701
1,2702
1,2703
1,2704
1,2705
1,2706
1,2707
1,2708
1,2709
1,2710
1,2711
1,2715
1,2716
1,2718
1,2719
1,2720
1,2722
1,2723
1,2724
1,2725
1,2726
1,2727
1,2728
1,2729
1,2730
1,2731
1,2732
1,2733
1,2734
1,2735
1,2736
1,2737
1,2738
1,2739
1,2740
1,2741
1,2742
1,2743
1,2744
1,2746
1,2753
1,2758
1,2760
1,2761
1,2762
1,2763
1,2764
1,2765
1,2766
1,2768
1,2769
1,2770
1,2771
1,2772
1,2775
1,2778
1,2779
1,2781
1,2782
1,2783
1,2784
1,2785
1,2786
1,2787
1,2788
1,2790
1,2791
1,2792
1,2793
1,2794
1,2795
1,2796
1,2797
1,2798
1,2799
1,2801
1,2802
1,2803
1,2804
1,2805
1,2806
1,2807
1,2808
1,2809
1,2810
1,2811
1,2812
1,2813
1,2814
1,2815
1,2816
1,2817
1,2818
1,2819
1,2820
1,2821
1,2822
1,2823
1,2824
1,2829
1,2835
1,2836
1,2837
1,2840
1,2855
1,2861
1,2916
1,2919
1,2921
1,2922
1,2923
1,2924
1,2925
1,2926
1,2927
1,2928
1,2929
1,2930
1,2933
1,2934
1,2935
1,2936
1,2937
1,2938
1,2939
1,2941
1,2942
1,2943
1,2944
1,2945
1,2946
1,2947
1,2948
1,2949
1,2950
1,2951
1,2952
1,2953
1,2954
1,2955
1,2956
1,2958
1,2959
1,2960
1,2961
1,2962
1,2963
1,2965
1,2966
1,2967
1,2968
1,2969
1,2970
1,2971
1,2972
1,2973
1,2974
1,2977
1,2978
1,2979
1,2980
1,2981
1,2982
1,2983
1,2984
1,2985
1,2991
1,2998
1,3001
1,3004
1,3006
1,3009
1,3017
1,3018
1,3019
1,3022
1,3023
1,3024
1,3025
1,3026
1,3027
1,3044
1,3048
1,3049
1,3059
1,3061
1,3063
1,3069
1,3072
1,3078
1,3087
1,3088
1,3094
1,3095
1,3101
1,3103
1,3398
1,3399
1,3400
1,3402
1,3403
1,3404
1,3405
1,3406
1,3407
1,3408
1,3409
1,3410
1,3411
1,3412
1,3413
1,3414
1,3415
1,3416
1,3417
1,3418
1,3419
1,3420
1,3422
1,3423
1,3424
1,3425
1,3426
1,3427
1,3429
1,3430
1,3431
1,3432
1,3433
1,3434
1,3435
1,3436
1,3437
1,3438
1,3439
1,3440
1,3441
1,3442
1,3443
1,3444
1,3445
1,3446
1,3447
1,3448
1,3450
1,3451
1,3452
1,3453
1,3454
1,3455
1,3456
1,3457
1,3458
1,3459
1,3540
1,3547
1,3548
1,3550
1,3551
1,3552
1,3553
1,3563
1,3566
1,3570
2,2
2,3
2,4
2,5
2,6
2,7
2,8
2,10
2,11
2,12
2,13
2,14
2,16
2,18
2,19
2,20
2,21
2,22
2,24
2,26
2,27
2,28
2,29
2,30
2,31
2,32
2,34
2,35
2,36
2,37
2,38
2,39
2,40
2,41
2,42
2,43
2,44
2,45
2,46
2,47
2,48
2,49
2,50
2,51
2,52
2,53
2,54
2,55
2,56
2,58
2,59
2,60
2,61
2,62
2,64
2,65
2,66
2,67
2,68
2,69
2,70
2,71
2,72
2,73
2,74
2,75
2,76
2,77
2,78
2,80
2,81
2,82
2,83
2,85
2,86
2,87
2,88
2,89
2,91
2,92
2,93
2,94
2,97
2,98
2,99
2,100
2,102
2,103
2,104
2,105
2,106
2,108
2,110
2,111
2,112
2,113
2,114
2,116
2,117
2,118
2,119
2,120
2,121
2,122
2,123
2,124
2,125
2,128
2,129
2,130
2,131
2,132
2,133
2,134
2,135
2,140
2,152
2,153
2,154
2,155
2,158
2,159
2,160
2,162
2,163
2,164
2,165
2,166
2,167
2,169
2,170
2,171
2,172
2,173
2,174
2,175
2,176
2,180
2,182
2,184
2,188
2,205
2,206
2,207
2,208
2,209
2,210
2,212
2,213
2,214
2,215
2,216
2,217
2,218
2,219
2,220
2,221
2,222
2,224
2,225
2,226
2,227
2,228
2,229
2,230
2,231
2,232
2,234
2,235
2,236
2,237
2,238
2,239
2,240
2,241
2,242
2,243
2,244
2,245
2,247
2,248
2,249
2,250
2,251
2,252
2,253
2,254
2,255
2,256
2,257
2,260
2,261
2,262
2,263
2,264
2,266
2,267
2,268
2,269
2,270
2,271
2,272
2,273
2,274
2,276
2,277
2,278
2,279
2,280
2,281
2,282
2,283
2,284
2,285
2,287
2,288
2,289
2,290
2,297
2,301
2,302
2,303
2,304
2,305
2,306
2,307
2,309
2,310
2,312
2,315
2,317
2,322
2,324
2,325
2,327
2,328
2,329
2,330
2,332
2,333
2,334
2,336
2,338
2,341
2,343
2,344
2,345
2,346
2,347
2,348
2,349
2,350
2,351
2,352
2,354
2,355
2,356
2,357
2,358
2,359
2,360
2,361
2,362
2,363
2,365
2,366
2,367
2,368
2,369
2,370
2,371
2,382
2,384
2,385
2,387
2,388
2,390
2,393
2,394
2,405
2,406
2,407
2,410
2,411
2,417
2,421
2,422
2,423
2,425
2,426
2,427
2,428
2,429
2,431
2,432
2,433
2,434
2,435
2,436
2,437
2,439
2,440
2,441
2,442
2,444
2,446
2,447
2,448
2,449
2,450
2,451
2,452
2,453
2,454
2,455
2,456
2,457
2,458
2,459
2,460
2,461
2,462
2,463
2,465
2,466
2,467
2,468
2,470
2,471
2,473
2,474
2,475
2,476
2,477
2,478
2,479
2,480
2,481
2,482
2,483
2,484
2,486
2,487
2,488
2,489
2,490
2,491
2,494
2,495
2,496
2,497
2,500
2,503
2,507
2,508
2,509
2,510
2,511
2,512
2,516
2,517
2,518
2,523
2,524
2,525
2,526
2,527
2,528
2,529
2,530
2,531
2,533
2,534
2,535
2,536
2,537
2,538
2,539
2,540
2,541
2,542
2,543
2,544
2,545
2,546
2,547
2,548
2,549
2,550
2,551
2,557
2,569
2,570
2,571
2,572
2,573
2,574
2,575
2,576
2,577
2,578
2,579
2,580
2,581
2,582
2,583
2,584
2,585
2,586
2,592
2,612
2,613
2,614
2,615
2,616
2,617
2,618
2,619
2,620
2,898
2,916
2,918
2,924
2,925
2,929
2,934
2,935
2,937
2,940
2,941
2,943
2,944
2,945
2,947
2,948
2,949
2,954
2,956
2,958
2,961
2,962
2,966
2,968
2,971
2,976
2,980
2,982
2,986
2,987
2,990
2,992
2,995
2,996
2,998
2,999
2,1000
2,1002
2,1004
2,1005
2,1009
2,1012
2,1014
2,1193
2,1194
2,1195
2,1197
2,3051
2,3055
2,3056
2,3057
2,3109
2,3111
2,3112
2,3114
2,3303
2,3304
2,3305
2,3306
2,3308
2,3309
2,3310
2,3311
2,3312
2,3313
2,3314
2,3315
2,3316
2,3317
2,3318
2,3319
2,3320
2,3321
2,3322
2,3323
2,3324
2,3325
2,3326
2,3327
2,3328
2,3329
2,3330
2,3331
2,3332
2,3333
2,3334
2,3335
2,3339
2,3340
2,3341
2,3342
2,3343
2,3344
2,3345
2,3346
2,3347
2,3348
2,3349
2,3350
2,3351
2,3352
2,3353
2,3354
2,3355
2,3356
2,3357
2,3358
2,3360
2,3361
2,3362
2,3363
2,3364
2,3365
2,3366
2,3367
2,3369
2,3370
2,3371
2,3372
2,3373
2,3374
2,3375
2,3376
2,3377
2,3378
2,3379
2,3380
2,3381
2,3382
2,3383
2,3384
2,3386
2,3387
2,3388
2,3389
2,3390
2,3391
2,3392
2,3393
2,3394
2,3395
2,3396
2,3578
2,3580
2,3581
2,3583
2,3584
2,3585
2,3586
2,3587
2,3588
2,3589
2,3590
2,3591
2,3592
2,3593
2,3594
2,3595
2,3603
2,3604
2,3614
2,3615
2,3621
2,3622
2,3631
3,265
3,335
3,622
3,634
3,643
3,651
3,656
3,657
3,658
3,667
3,669
3,678
3,684
3,688
3,690
3,691
3,701
3,703
3,704
3,705
3,708
3,709
3,710
3,712
3,713
3,714
3,715
3,716
3,717
3,718
3,719
3,720
3,721
3,723
3,724
3,725
3,726
3,727
3,729
3,735
3,743
3,744
3,745
3,746
3,748
3,749
3,750
3,751
3,754
3,758
3,759
3,761
3,762
3,781
3,799
3,810
3,834
3,841
3,842
3,843
3,867
3,869
3,870
3,871
3,875
3,876
3,878
3,879
3,880
3,881
3,882
3,883
3,884
3,885
3,886
3,887
3,889
3,890
3,891
3,892
3,893
3,894
3,895
3,896
3,897
3,900
3,902
3,904
3,905
3,906
3,907
3,908
3,909
3,910
3,915
3,917
3,919
3,921
3,922
3,923
3,926
3,927
3,930
3,932
3,933
3,955
3,959
3,963
3,965
3,967
3,969
3,970
3,972
3,973
3,974
3,978
3,981
3,983
3,984
3,988
3,989
3,991
3,994
3,997
3,1003
3,1006
3,1007
3,1008
3,1010
3,1011
3,1016
3,1017
3,1018
3,1019
3,1020
3,1021
3,1023
3,1024
3,1025
3,1026
3,1027
3,1028
3,1029
3,1030
3,1031
3,1032
3,1034
3,1035
3,1036
3,1037
3,1038
3,1039
3,1040
3,1041
3,1042
3,1043
3,1045
3,1046
3,1047
3,1048
3,1049
3,1050
3,1051
3,1052
3,1053
3,1054
3,1058
3,1059
3,1060
3,1061
3,1062
3,1063
3,1064
3,1065
3,1066
3,1068
3,1069
3,1070
3,1071
3,1072
3,1073
3,1074
3,1075
3,1076
3,1077
3,1079
3,1080
3,1081
3,1082
3,1084
3,1085
3,1087
3,1089
3,1090
3,1091
3,1092
3,1093
3,1094
3,1095
3,1096
3,1097
3,1099
3,1100
3,1101
3,1102
3,1103
3,1104
3,1105
3,1106
3,1107
3,1108
3,1110
3,1111
3,1112
3,1113
3,1114
3,1115
3,1116
3,1117
3,1118
3,1119
3,1121
3,1122
3,1123
3,1124
3,1125
3,1126
3,1127
3,1128
3,1129
3,1131
3,1132
3,1133
3,1135
3,1136
3,1137
3,1138
3,1139
3,1140
3,1142
3,1143
3,1144
3,1146
3,1148
3,1149
3,1150
3,1152
3,1153
3,1154
3,1155
3,1156
3,1157
3,1158
3,1159
3,1160
3,1161
3,1164
3,1166
3,1169
3,1170
3,1171
3,1172
3,1173
3,1175
3,1176
3,1177
3,1178
3,1179
3,1180
3,1181
3,1182
3,1183
3,1186
3,1187
3,1188
3,1189
3,1190
3,1191
3,1192
3,1200
3,1201
3,1205
3,3053
3,3064
3,3066
3,3068
3,3070
3,3071
3,3079
3,3081
3,3083
3,3084
3,3085
3,3086
3,3089
3,3090
3,3091
3,3093
3,3097
3,3098
3,3099
3,3100
3,3113
3,3115
3,3118
3,3120
3,3121
3,3123
3,3130
3,3131
3,3132
3,3133
3,3138
3,3139
3,3141
3,3142
3,3143
3,3460
3,3461
3,3462
3,3463
3,3464
3,3465
3,3466
3,3467
3,3468
3,3469
3,3471
3,3472
3,3473
3,3474
3,3475
3,3476
3,3477
3,3478
3,3479
3,3480
3,3481
3,3482
3,3483
3,3484
3,3485
3,3486
3,3487
3,3488
3,3489
3,3491
3,3492
3,3493
3,3494
3,3495
3,3496
3,3497
3,3499
3,3500
3,3501
3,3502
3,3503
3,3504
3,3505
3,3506
3,3507
3,3508
3,3509
3,3510
3,3511
3,3512
3,3513
3,3514
3,3515
3,3516
3,3517
3,3518
3,3519
3,3520
3,3521
3,3522
3,3523
3,3524
3,3525
3,3526
3,3527
3,3528
3,3529
3,3530
3,3531
3,3532
3,3533
3,3534
3,3535
3,3536
3,3638
3,3646
3,3648
3,3655
3,3656
4,979
4,1221
4,1222
4,1223
4,1224
4,1225
4,1226
4,1227
4,1228
4,1229
4,1230
4,1231
4,1232
4,1233
4,1234
4,1235
4,1236
4,1237
4,1238
4,1239
4,1240
4,1241
4,1242
4,1243
4,1244
4,1245
4,1246
4,1247
4,1248
4,1249
4,1250
4,1251
4,1252
4,1253
4,1254
4,1255
4,1256
4,1257
4,1258
4,1259
4,1260
4,1261
4,1262
4,1263
4,1264
4,1265
4,1266
4,1267
4,1268
4,1269
4,1270
4,1271
4,1272
4,1273
4,1274
4,1275
4,1276
4,1277
4,1278
4,1279
4,1280
4,1281
4,1282
4,1283
4,1284
4,1285
4,1286
4,1288
4,1289
4,1290
4,1291
4,1292
4,1293
4,1294
4,1295
4,1296
4,1297
4,1298
4,1299
4,1300
4,1301
4,1302
4,1303
4,1304
4,1305
4,1306
4,1307
4,1308
4,1309
4,1310
4,1311
4,1312
4,1313
4,1314
4,1315
4,1316
4,1317
4,1318
4,1319
4,1320
4,1321
4,1322
4,1323
4,1324
4,1325
4,1326
4,1327
4,1328
4,1329
4,1330
4,1331
4,1332
4,1333
4,1334
4,1335
4,1336
4,1337
4,1338
4,1339
4,1340
4,1341
4,1342
4,1343
4,1344
4,1345
4,1346
4,1347
4,1348
4,1349
4,1350
4,1351
4,1352
4,1353
4,1354
4,1355
4,1356
4,1357
4,1358
4,1359
4,1360
4,1361
4,1362
4,1363
4,1364
4,1365
4,1366
4,1367
4,1368
4,1369
4,1370
4,1371
4,1372
4,1373
4,1374
4,1375
4,1376
4,1377
4,1378
4,1379
4,1380
4,1381
4,1382
4,1383
4,1384
4,1385
4,1386
4,1387
4,1388
4,1389
4,1390
4,1391
4,1392
4,1393
4,1394
4,1395
4,1396
4,1397
4,1398
4,1400
4,1401
4,1402
4,1403
4,1404
4,1405
4,1406
4,1407
4,1408
4,1409
4,1410
4,1411
4,1412
4,1413
4,1414
4,1415
4,1416
4,1417
4,1418
4,1419
4,1420
4,1421
4,1422
4,1423
4,1424
4,1425
4,1427
4,1428
4,1429
4,1430
4,1431
4,1432
4,1433
4,1435
4,1436
4,1437
4,1438
4,1439
4,1440
4,1441
4,1442
4,1443
4,1444
4,1445
4,1446
4,1447
4,1448
4,1449
4,1450
4,1451
4,1452
4,1453
4,1454
4,1455
4,1456
4,1457
4,1458
4,1459
4,1460
4,1461
4,1462
4,1463
4,1464
4,1465
4,1466
4,1467
4,1468
4,1469
4,1470
4,1471
4,1472
4,1473
4,1474
4,1475
4,1476
4,1477
4,1478
4,1479
4,1480
4,1481
4,1482
4,1483
4,1484
4,1485
4,1486
4,1487
4,1488
4,1489
4,1490
4,1491
4,1492
4,1493
4,1494
4,1495
4,1496
4,1497
4,1498
4,1499
4,1500
4,1501
4,1502
4,1503
4,1504
4,1505
4,1506
4,1507
4,1508
4,1509
4,1510
4,1511
4,1512
4,1513
4,1514
4,1515
4,1516
4,1517
4,1518
4,1519
4,1520
4,1521
4,1522
4,1523
4,1524
4,1525
4,1526
4,1527
4,1528
4,1529
4,1530
4,1531
4,1532
4,1533
4,1534
4,1535
4,1536
4,1537
4,1538
4,1539
4,1540
4,1541
4,1542
4,1543
4,1544
4,1545
4,1546
4,1547
4,1548
4,1549
4,1550
4,1551
4,1552
4,1553
4,1554
4,1555
4,1556
4,1557
4,1558
4,1559
4,1560
4,1561
4,1562
4,1563
4,1564
4,1565
4,1566
4,1567
4,1568
4,1569
4,1570
4,1571
4,1572
4,1573
4,1574
4,1575
4,1576
4,1577
4,1578
4,1579
4,1580
4,1581
4,1582
4,1583
4,1584
4,1585
4,1586
4,1587
4,1588
4,1589
4,1590
4,1591
4,1592
4,1593
4,1594
4,1595
4,1596
4,1597
4,1598
4,1599
4,1600
4,1601
4,1602
4,1603
4,1604
4,1605
4,1606
4,1607
4,1608
4,1609
4,1610
4,1611
4,1612
4,1613
4,1614
4,1615
4,1616
4,1617
4,1618
4,1619
4,1620
4,1621
4,1622
4,1623
4,1624
4,1625
4,1626
4,1627
4,1628
4,1629
4,1630
4,1631
4,1632
4,1633
4,1634
4,1635
4,1636
4,1637
4,1638
4,1639
4,1640
4,1641
4,1642
4,1643
4,1644
4,1645
4,1646
4,1647
4,1648
4,1649
4,1650
4,1651
4,1652
4,1653
4,1654
4,1655
4,1656
4,1657
4,1658
4,1659
4,1660
4,1661
4,1662
4,1663
4,1664
4,1665
4,1666
4,1667
4,1668
4,1669
4,1670
4,1671
4,1672
4,1673
4,1674
4,1675
4,1676
4,1677
4,1678
4,1679
4,1680
4,1681
4,1682
4,1683
4,1684
4,1685
4,1686
4,1687
4,1688
4,1689
4,1690
4,1691
4,1692
4,1693
4,1694
4,1695
4,1696
4,1697
4,1698
4,1699
4,1700
4,1701
4,1702
4,1703
4,1704
4,1705
4,1706
4,1707
4,1708
4,1709
4,1710
4,1711
4,1712
4,1713
4,1714
4,1715
4,1716
4,1717
4,1718
4,1719
4,1720
4,1722
4,1723
4,1724
4,1725
4,1726
4,1727
4,1728
4,1729
4,1730
4,1731
4,1732
4,1733
4,1734
4,1735
4,1736
4,1737
4,1738
4,1739
4,1740
4,1741
4,1742
4,1743
4,1744
4,1745
4,1746
4,1747
4,1748
4,1749
4,1750
4,1751
4,1752
4,1753
4,1754
4,1755
4,1756
4,1757
4,1758
4,1759
4,1760
4,1761
4,1762
4,1763
4,1764
4,1765
4,1766
4,1767
4,1768
4,1769
4,1770
4,1771
4,1772
4,1773
4,1774
4,1775
4,1776
4,1777
4,1778
4,1779
4,1780
4,1781
4,1782
4,1783
4,1784
4,1785
4,1786
4,1787
4,1788
4,1789
4,1790
4,3150
4,3151
4,3152
4,3153
4,3154
4,3155
4,3156
4,3157
4,3158
4,3159
4,3160
4,3161
4,3162
4,3163
4,3164
4,3165
4,3166
4,3167
4,3168
4,3169
4,3170
4,3171
4,3172
4,3173
4,3174
4,3175
4,3176
4,3177
4,3178
4,3179
4,3180
4,3181
4,3182
4,3183
4,3279
4,3280
4,3281
4,3283
4,3284
4,3285
4,3286
4,3287
4,3288
4,3289
4,3290
4,3291
4,3292
4,3293
4,3294
4,3295
4,3296
4,3297
4,3298
4,3299
4,3300
4,3301
4,3659
4,3660
4,3661
4,3662
4,3663
4,3664
4,3665
4,3666
4,3667
4,3668
5,1721
5,1793
5,1794
5,1795
5,1796
5,1797
5,1798
5,1800
5,1801
5,1802
5,1804
5,1806
5,1807
5,1808
5,1809
5,1810
5,1811
5,1812
5,1813
5,1814
5,1815
5,1816
5,1817
5,1819
5,1821
5,1822
5,1823
5,1824
5,1825
5,1826
5,1827
5,1828
5,1829
5,1830
5,1831
5,1832
5,1833
5,1834
5,1835
5,1836
5,1839
5,1840
5,1841
5,1845
5,1846
5,1847
5,1848
5,1849
5,1850
5,1851
5,1852
5,1853
5,1854
5,1855
5,1856
5,1857
5,1859
5,1860
5,1861
5,1862
5,1863
5,1866
5,1867
5,1868
5,1870
5,1871
5,1872
5,1874
5,1875
5,1876
5,1877
5,1878
5,1879
5,1881
5,1882
5,1884
5,1887
5,1888
5,1889
5,1892
5,1894
5,1895
5,1896
5,1897
5,1898
5,1899
5,1908
5,1909
5,1913
5,1915
5,1916
5,1917
5,1918
5,1919
5,1920
5,1921
5,1923
5,1924
5,1925
5,1926
5,1927
5,1928
5,1929
5,1930
5,1931
5,1932
5,1933
5,1934
5,1935
5,1937
5,1938
5,1939
5,1940
5,1941
5,1942
5,1943
5,1945
5,1946
5,1948
5,1949
5,1950
5,1951
5,1952
5,1953
5,1954
5,1955
5,1956
5,1957
5,1959
5,1960
5,1961
5,1962
5,1963
5,1964
5,1965
5,1966
5,1967
5,1968
5,1970
5,1971
5,1972
5,1973
5,1974
5,1975
5,1976
5,1977
5,1978
5,1979
5,1981
5,1982
5,1983
5,1984
5,1985
5,1986
5,1987
5,1988
5,1989
5,1990
5,1992
5,1993
5,1994
5,1995
5,1996
5,1997
5,1998
5,1999
5,2000
5,2001
5,2003
5,2004
5,2005
5,2006
5,2007
5,2008
5,2009
5,2010
5,2011
5,2012
5,2015
5,2016
5,2017
5,2018
5,2019
5,2020
5,2021
5,2022
5,2023
5,2024
5,2026
5,2027
5,2028
5,2029
5,2030
5,2031
5,2032
5,2033
5,2034
5,2035
5,2037
5,2038
5,2039
5,2040
5,2041
5,2042
5,2043
5,2044
5,2045
5,2046
5,2048
5,2049
5,2050
5,2051
5,2052
5,2053
5,2054
5,2055
5,2056
5,2057
5,2059
5,2061
5,2062
5,2063
5,2064
5,2065
5,2066
5,2067
5,2068
5,2070
5,2071
5,2072
5,2073
5,2074
5,2075
5,2076
5,2077
5,2078
5,2079
5,2081
5,2082
5,2083
5,2084
5,2085
5,2086
5,2087
5,2088
5,2089
5,2090
5,2093
5,2094
5,2095
5,2096
5,2097
5,2098
5,2099
5,2100
5,2101
5,2103
5,2104
5,2105
5,2108
5,2110
5,2111
5,2112
5,2114
5,2115
5,2116
5,2117
5,2118
5,2119
5,2120
5,2121
5,2122
5,2123
5,2126
5,2127
5,2128
5,2129
5,2130
5,2131
5,2132
5,2133
5,2134
5,2135
5,2137
5,2139
5,2140
5,2141
5,2142
5,2143
5,2144
5,2145
5,2146
5,2147
5,2148
5,2149
5,2150
5,2151
5,2152
5,2153
5,2154
5,2155
5,2156
5,2157
5,2158
5,2159
5,2160
5,2161
5,2162
5,2163
5,2164
5,2165
5,2166
5,2168
5,2170
5,2171
5,2172
5,2173
5,2174
5,2175
5,2176
5,2177
5,2178
5,2179
5,2181
5,2182
5,2183
5,2184
5,2185
5,2186
5,2187
5,2188
5,2189
5,2190
5,2192
5,2193
5,2194
5,2195
5,2196
5,2197
5,2198
5,2199
5,2200
5,2201
5,2203
5,2204
5,2206
5,2207
5,2208
5,2209
5,2210
5,2211
5,2212
5,2214
5,2215
5,2216
5,2217
5,2218
5,2220
5,2221
5,2222
5,2223
5,2225
5,2226
5,2227
5,2228
5,2229
5,2230
5,2231
5,2232
5,2233
5,2234
5,2237
5,2238
5,2239
5,2240
5,2241
5,2242
5,2243
5,2244
5,2245
5,2246
5,2248
5,2249
5,2250
5,2251
5,2252
5,2253
5,2254
5,2255
5,2256
5,2258
5,2259
5,2260
5,2261
5,2262
5,2263
5,2265
5,2266
5,2267
5,2269
5,2270
5,2271
5,2272
5,2273
5,2274
5,2275
5,2276
5,2277
5,2278
5,2280
5,2281
5,2282
5,2283
5,2284
5,2285
5,2286
5,2287
5,2288
5,2289
5,2290
5,2291
5,2292
5,2293
5,2294
5,2295
5,2296
5,2297
5,2298
5,2299
5,2300
5,2301
5,2302
5,2304
5,2306
5,2307
5,2308
5,2309
5,2310
5,2311
5,2312
5,2313
5,2315
5,2317
5,2318
5,2319
5,2320
5,2321
5,2324
5,2325
5,2327
5,2328
5,2331
5,2333
5,2335
5,2338
5,2339
5,2342
5,2343
5,2344
5,2346
5,2347
5,2348
5,2350
5,2351
5,2352
5,2353
5,2354
5,2355
5,2356
5,2357
5,2358
5,2363
5,2365
5,2366
5,2367
5,2368
5,2369
5,2370
5,2371
5,2372
5,2373
5,2374
5,2375
5,2376
5,2377
5,2378
5,2379
5,2384
5,2386
5,2389
5,2523
5,2537
5,2538
5,2540
5,2542
5,2543
5,3185
5,3186
5,3187
5,3188
5,3189
5,3190
5,3191
5,3192
5,3193
5,3194
5,3195
5,3196
5,3197
5,3198
5,3199
5,3201
5,3202
5,3203
5,3204
5,3205
5,3206
5,3207
5,3208
5,3210
5,3211
5,3212
5,3213
5,3214
5,3216
5,3217
5,3219
5,3220
5,3221
5,3224
5,3226
5,3228
5,3229
5,3230
5,3231
5,3232
5,3233
5,3234
5,3235
5,3236
5,3237
5,3238
5,3239
5,3240
5,3241
5,3242
5,3243
5,3244
5,3245
5,3246
5,3247
5,3248
5,3249
5,3250
5,3251
5,3252
5,3253
5,3254
5,3255
5,3256
5,3257
5,3258
5,3259
5,3260
5,3261
5,3262
5,3263
5,3264
5,3265
5,3266
5,3268
5,3269
5,3270
5,3271
5,3272
5,3273
5,3274
5,3275
5,3276
5,3277
5,3670
5,3671
5,3672
5,3673
5,3674
5,3675
5,3676
5,3677
5,3678
5,3679
5,3680
5,3681
5,3682
5,3683
5,3684
5,3685
5,3686
5,3687
5,3688
2,938
1,2654
1,2780
3,681
4,1399
3,3690
3,3691
3,3692
3,3693
3,3694
3,3695
3,3696
3,3697
3,3698
3,3699
3,3700
3,3701
3,3702
3,3703
3,3704
3,3705
3,3706
3,3707
3,3708
3,3709
3,3710
3,3711
3,3712
3,3713
3,3714
3,3715
3,3716
1,3718
1,3719
1,3720
1,3721
1,3722
1,3723
1,3724
1,3725
1,3726
1,3727
1,3728
1,3729
1,3730
1,3731
1,3732
1,3733
1,3734
1,3735
1,3736
1,3737
1,3368
1,3738
1,3739
1,3740
1,3741
1,3742
1,3743
1,3744
1,3745
1,3746
1,3747
1,3748
1,3749
1,3750
2,3752
2,3753
2,3754
2,3755
2,3756
2,3757
2,3758
2,3759
2,3760
2,3761
2,3762
2,3763
2,3764
2,3765
2,3766
2,3768
2,3769
2,3770
2,3771
2,3772
2,3773
2,3774
2,3775
2,3776
2,3777
2,3778
2,3779
2,3780
2,3781
2,3782
2,3783
2,3784
2,3786
2,3787
2,3788
2,3789
2,3790
2,3791
2,3792
2,3793
2,3794
2,3795
2,3796
2,3797
2,3798
2,3799
2,3800
2,3802
4,3804
4,3805
4,3806
4,3807
4,3808
4,3809
4,3810
4,3811
4,3812
4,3813
4,3814
4,3815
4,3816
4,3817
4,3818
4,3819
4,3820
5,3822
5,3823
5,3824
5,3825
5,3826
5,3827
5,3828
5,3829
5,3830
5,3831
5,3832
5,3833
5,3834
5,3835
5,3836
5,3837
5,3838
5,1803
5,3184
1,2932
1,3428
1,3840
1,3841
1,3842
1,3843
1,3844
1,3845
1,3846
1,3847
1,3848
1,3849
1,3850
1,3851
1,3852
1,3853
1,3854
1,3855
1,3856
1,3857
1,3858
1,3859
1,3860
1,3861
1,3862
1,3863
1,3864
1,3865
1,3866
1,3867
1,3868
1,3869
1,3870
1,3871
1,3872
1,3873
1,3874
1,3875
1,3876
1,3877
1,3878
1,3879
1,3880
1,3881
1,3882
1,3883
1,3884
1,3885
2,3887
2,3888
2,3889
2,3890
2,3891
2,3892
2,3893
2,3894
2,3895
2,3896
2,3897
2,3898
2,3899
2,3900
2,3901
2,3902
2,3903
3,3905
3,3906
3,3907
3,3908
3,3909
3,3910
3,3911
3,3912
3,3913
3,3914
3,3915
3,3916
3,3917
3,3918
3,3919
3,3073
3,3920
3,3921
3,3922
3,3923
3,3924
3,3925
3,3926
3,3927
3,3928
3,3929
3,3930
3,3931
3,3932
3,3933
3,3934
3,3935
3,3936
4,3938
4,3939
4,3940
4,3941
4,3942
4,3943
4,3944
4,3945
4,3946
4,3947
4,3948
4,3949
5,3951
5,3952
5,3953
5,3954
5,3955
5,3956
5,3957
5,3958
5,3959
5,3960
5,3961
5,3962
5,3963
5,3964
5,3965
5,3966
5,3967
5,3968
5,3969
5,3970
5,3971
2,3075
2,84
2,177
1,2776
2,975
1,912
2,3596
4,1426
4,3282
1,3067
5,2167
3,964
3,752
3,747
3,828
3,817
3,874
3,856
2,485
3,779
3,769
3,840
3,671
3,806
3,672
3,816
3,811
3,1174
3,632
3,663
3,647
3,734
3,707
3,1067
3,1056
3,3973
3,3974
3,3975
3,3976
3,3977
3,3978
5,3979
4,3980
3,706
3,730
3,731
3,732
3,1211
3,631
3,630
3,1163
3,1141
3,1022
3,1033
3,641
3,1044
3,1130
3,1001
3,1208
3,1212
3,1213
3,1216
3,1219
3,1220
3,1218
3,1217
3,1215
3,624
3,625
3,627
3,626
3,642
3,643
3,3122
3,1209
3,1210
2,4009
2,4010
2,4011
2,4012
2,4013
2,4014
2,4015
2,4016
2,4017
2,4018
2,4019
2,4020
2,4021
2,4022
2,3785
2,4023
3,4025
3,4026
3,4027
3,4028
3,4029
3,4030
3,4031
3,4032
3,4033
3,4034
3,4035
3,4036
3,4037
3,4038
4,4040
4,4041
4,4042
4,4043
4,4044
4,4045
4,4046
4,4047
4,4048
5,4050
5,4051
5,4052
5,4053
5,4054
5,4055
5,4056
5,4057
5,4058
5,4059
5,4060
5,4061
5,4062
5,4063
5,4064
5,4065
5,4066
5,4067
5,4068
3,1214
5,1944
5,2531
1,3449
3,628
3,629
3,639
3,1207
3,666
3,662
3,660
3,646
3,644
3,640
3,654
3,3129
3,636
3,1098
3,637
3,635
3,633
3,638
3,664
3,877
3,866
3,1206
3,855
3,832
3,755
3,653
3,668
3,952
3,3140
5,3218
3,920
3,931
3,655
3,665
3,661
3,659
3,1109
3,1120
3,766
3,711
3,1199
3,733
3,722
3,1162
3,821
3,942
3,788
3,899
3,888
3,623
3,645
3,648
3,650
3,649
3,1078
3,1185
3,702
3,951
3,677
3,818
3,830
3,831
3,826
3,827
3,815
3,814
3,813
3,812
1,2570
3,819
1,3043
1,3052
3,822
3,823
3,3146
1,2569
3,676
3,836
3,847
3,849
3,852
3,833
3,829
3,825
3,824
3,820
3,838
3,805
3,835
3,3148
3,798
3,804
3,675
3,864
3,859
5,1820
3,4039
1,3981
1,3982
1,3983
1,3984
1,3985
1,3986
1,3987
1,3988
1,3989
1,3990
1,3991
1,3992
1,3993
1,3994
1,3995
1,3996
1,3997
1,3998
1,4000
1,4001
1,4002
1,4003
1,4004
1,4005
1,4006
1,4007
1,4008
2,4071
2,4072
2,4073
2,4074
2,4075
2,4076
2,4077
2,4078
2,4079
2,4080
2,4081
2,4082
2,4083
2,4084
2,4085
2,4086
2,4087
2,4088
2,4089
2,4090
3,4092
3,4093
3,4094
3,4095
3,4096
3,4097
3,4098
4,4100
5,4102
3,846
3,803
3,765
3,851
3,863
3,1055
3,872
3,868
3,737
3,697
3,696
3,693
3,692
3,809
3,853
3,837
3,857
3,850
3,839
3,845
3,860
3,865
3,848
3,1203
3,770
3,767
3,773
3,861
3,854
3,858
3,760
3,801
3,795
3,800
3,793
3,785
3,873
3,789
3,782
3,757
3,796
3,764
3,780
3,862
3,679
3,3145
3,756
3,797
3,753
3,742
3,3147
3,741
3,740
3,738
3,772
3,776
3,784
3,774
3,778
3,682
3,687
3,698
3,736
3,673
3,685
3,686
3,768
3,763
3,794
3,694
3,683
3,792
3,802
3,791
3,790
3,786
3,783
3,807
3,775
3,787
3,670
3,739
3,674
3,695
3,771
3,3641
3,3647
1,3562
1,3573
1,3567
1,3568
3,3645
2,3617
2,3618
3,3650
1,3560
2,3616
3,3644
3,3652
2,3628
3,3654
2,3629
3,3651
3,3649
2,3623
2,3624
3,3658
2,3634
3,3657
1,3572
1,3577
1,3576
3,3653
1,3574
2,3630
1,3539
3,3636
1,3538
3,689
5,3200
3,844
1,3421
3,728
3,3137
3,3470
3,3136
3,3134
3,3149
3,3144
1,3498
1,3401
2,233
2,4104
2,4105
2,4106
2,4107
2,4109
2,4108
1,4110
1,3119
1,4111
1,4112
1,4113
1,4114
1,4115
1,4116
1,4117
1,4118
3,3062
3,4119
3,4120
3,4121
3,4122
3,4123
3,4124
3,4125
3,4126
3,4127
3,4128
3,4129
3,4130
3,4131
4,4133
4,4134
4,4135
4,4136
5,4138
5,4139
5,4140
5,4141
5,4142
5,4143
3,3124
3,3082
3,3102
3,3125
3,3126
3,3127
3,3128
3,808
3,680
2,3627
2,3626
2,3338
2,3337
2,3336
1,3559
1,3546
1,3564
1,3561
2,3609
1,3545
1,3556
1,3544
1,3543
1,3542
3,3639
3,3640
2,3582
1,3541
1,3571
2,3635
3,3637
1,3558
2,3601
1,3554
2,3579
2,3613
2,3599
2,3612
2,3619
2,3633
2,3611
2,3610
1,3557
2,3632
3,3643
2,3602
1,3575
2,3608
1,3569
5,1799
1,3555
3,3642
2,3625
1,3565
2,3607
2,3606
2,3598
2,3605
2,3597
2,3600
1,3549
5,2264
5,2060
5,2349
5,1910
5,2337
5,2332
5,2400
5,2340
5,2336
5,2329
4,4144
4,4145
5,4146
2,4154
2,4155
2,4156
2,4158
2,4159
2,4160
2,4161
2,4162
2,4163
2,4164
2,4165
2,4166
2,4167
2,4168
3,4147
3,4148
3,4149
3,4150
3,4151
3,4152
3,4153
2,3227
3,2988
1,4170
1,4171
1,4172
2,4173
4,4174
3,4175
3,4176
3,4177
3,4178
3,4179
3,4180
3,4181
3,4182
3,4183
3,4184
3,4185
3,4186
3,4187
3,4188
3,4189
5,4191
5,4192
5,4193
5,4194
5,2341
5,2326
5,2330
3,1165
5,2322
5,2362
5,1864
5,2364
5,1873
5,1883
5,2138
5,1900
5,2385
5,2380
5,2395
5,2392
5,2409
5,2408
5,2407
5,2406
5,2410
5,2396
5,2383
5,2394
5,2393
5,1893
5,2388
5,2387
5,2390
5,2391
5,2106
5,2402
5,2405
5,2381
5,2382
5,2445
5,2361
5,2359
5,2360
5,1890
5,2403
5,1906
5,1912
5,2303
5,1911
5,2404
5,2412
5,2397
5,2428
5,2398
5,2414
5,2401
5,2399
5,2413
5,2472
5,1907
5,2418
5,2417
5,2419
5,3209
5,2420
5,2424
5,2423
5,2421
5,2427
5,2439
5,2442
5,2441
5,2440
5,2436
5,2438
5,2432
5,2434
5,2435
5,2429
5,2431
5,2430
5,2437
5,2426
5,2446
5,2425
5,2107
5,2443
5,2416
5,2415
5,2526
5,2213
5,2527
5,2489
5,2478
5,1901
5,2490
5,2529
5,2449
5,2447
5,2448
5,2471
5,2469
5,2453
5,2470
5,2180
5,2224
5,2528
5,2467
5,3267
5,2454
5,2487
5,2257
5,2486
5,2485
5,2483
5,2484
5,2482
5,2481
5,2480
5,2488
5,2450
5,2497
5,1904
5,2316
5,2452
5,2464
3,183
5,2463
5,2305
5,2516
5,2444
5,1865
5,2314
5,2491
5,1905
5,2451
5,2458
5,2462
5,2457
5,2465
5,2466
5,2468
5,2422
5,2495
5,2515
5,2514
5,2456
5,2521
5,2459
5,2460
5,2492
5,2475
5,2473
5,2474
5,2479
5,2476
5,2477
5,2496
5,2498
5,2506
5,2518
5,2517
5,2411
5,2461
5,2513
5,2493
5,2501
5,2510
5,2509
5,2505
5,1805
5,2507
5,2512
5,2494
5,2520
5,2500
5,2519
5,2511
2,23
1,4196
1,4197
1,4198
1,4199
1,4200
1,4201
1,4202
1,4203
1,4204
1,4205
1,4206
1,4207
2,4209
2,4210
2,4211
2,4212
2,4213
2,4214
2,4215
3,4217
3,4218
3,4219
3,4220
3,4221
5,4223
5,4224
5,4225
5,4226
5,4227
5,4228
5,4229
5,4230
5,4231
5,4232
5,4233
4,4234
4,4235
5,2502
5,2503
5,2504
5,2191
5,2508
1,4236
1,4237
1,4238
1,4239
1,4240
1,4241
1,4242
1,4243
2,4245
2,4246
2,4247
2,4248
2,4249
3,4251
3,4252
3,4253
3,4254
3,4255
3,4256
3,4257
3,4258
4,4260
4,4261
4,4262
4,4263
4,4264
5,4266
5,4267
5,4268
5,4269
5,2499
5,2202
5,2524
5,2522
4,4271
4,4272
4,4273
5,1980
5,2235
5,1914
5,1947
5,1936
5,2534
5,2532
5,2533
5,2535
5,2525
5,2002
5,1880
5,2536
5,1858
5,1891
5,1885
5,1991
5,1886
5,1958
5,1969
5,1903
5,1869
5,2530
5,2047
5,2036
5,2025
5,2058
5,2069
5,2080
5,2091
5,2268
5,1792
5,2455
5,2345
5,2013
2,179
5,2124
5,1842
5,2169
5,2236
5,2247
5,1837
5,2014
5,1838
5,1902
5,2109
5,1843
5,2323
5,2334
5,2279
5,2113
5,2136
5,2125
3,1134
5,2102
5,1844
5,2541
5,2539
3,1151
2,1196
3,3225
3,1147
1,1088
1,3222
3,1086
1,4274
1,4275
1,4276
1,4277
1,4278
1,4279
1,4280
1,4281
1,4282
1,4283
1,4284
1,4285
1,4286
1,4287
1,4288
1,4289
1,4290
1,4291
1,4292
1,4293
1,4294
1,4295
1,4296
1,4297
1,4298
1,4299
1,953
1,957
1,4300
1,4301
1,3135
1,4302
1,4303
1,4304
1,4305
1,4306
1,4307
1,4308
1,4309
1,4310
1,4311
1,4312
1,4313
1,4314
2,4316
2,4317
2,4318
2,4319
2,4320
2,4321
2,4322
2,4323
2,4324
2,4325
2,4326
2,4327
2,4328
2,4329
3,4331
3,4332
3,4333
3,4334
3,4335
3,4336
3,4337
3,4338
3,4339
3,4340
3,4341
4,4345
4,4346
4,4347
5,4344
5,4343
2,3767
1,2721
2,33
2,936
2,3307
3,1083
5,2205
3,1184
1,2940
1,2976
2,472
2,181
2,3385
2,127
2,532
3,1168
2,109
3,652
5,2092
5,1818
3,777
3,3077
1,2975
4,1434
2,383
2,63
2,246
2,115
3,3490
3,1145
2,9
5,2219
1,2777
3,3065
1,2957
2,4157
2,223
1,2989
1,2990
1,2882
1,2883
1,2884
1,2891
1,2885
1,2886
1,469
1,2896
1,2889
1,2894
1,2887
1,2890
1,2893
1,2892
1,2895
1,2899
1,2897
1,2901
1,2902
1,2903
1,2904
1,2905
1,2906
1,2576
1,2914
1,2913
1,2907
1,2912
1,2908
1,2911
1,2915
1,2571
1,2572
1,2910
2,96
1,2578
1,2577
1,2580
1,2582
1,2581
1,2575
1,2574
1,2573
1,2591
1,2589
1,2583
1,2592
1,2588
1,2586
1,2584
1,2585
1,2587
1,2594
1,2595
1,2598
1,2596
1,2597
1,2599
5,4358
5,4359
5,4360
5,4361
5,4362
2,4364
2,4365
2,4366
2,4367
2,4368
2,4369
2,4370
2,4371
2,4372
1,4374
1,4375
1,4376
1,4377
1,4378
1,4379
1,4380
1,4381
1,4382
1,4383
3,4385
3,4386
3,4387
3,4388
3,4389
3,4390
3,4391
3,4392
3,4393
3,4394
3,4395
3,4396
3,4397
4,4357
4,4356
4,4355
4,4354
4,4353
4,4352
4,4351
4,4350
4,4349
3,126
2,1057
1,3359
2,700
3,950
3,1167
1,3801
1,3080
3,3999
3,946
3,3223
1,2600
1,2593
1,2611
1,2613
1,2610
1,2608
1,2609
1,2607
1,2606
1,2605
1,2604
1,2602
1,2603
1,2614
1,2615
1,2616
1,2617
1,2618
1,2619
1,2621
1,2620
1,2713
1,2918
1,2917
1,2635
1,2638
1,2632
1,2630
1,2628
1,2622
1,2624
1,3104
2,3107
2,4070
2,3116
2,409
2,3106
2,3108
2,3060
2,412
1,2774
1,2759
1,2757
1,2697
1,2695
1,2696
1,2839
1,2841
1,2838
1,2830
1,2834
1,2828
1,3050
1,2825
1,2831
1,2773
1,2827
1,2826
1,2865
1,2867
1,2862
1,2863
1,2864
1,4399
1,2868
1,2870
1,2869
1,2871
1,2872
1,2860
1,2767
1,3000
1,2920
1,2752
1,2750
1,2751
2,107
1,2842
1,2881
1,2873
2,25
1,2874
1,2747
1,3046
2,95
1,2854
1,2755
1,2748
1,2875
1,2879
1,2880
1,2656
1,2898
1,2800
1,2756
1,2745
1,2833
1,2866
1,2545
1,2877
1,2848
1,2878
1,2843
1,2888
1,2844
1,2546
1,2909
1,2749
1,2789
1,2754
1,2832
1,2931
1,2876
1,2986
1,3032
1,2560
1,2852
1,2853
2,15
2,587
2,588
2,610
1,611
2,554
2,17
2,187
2,567
2,186
2,568
2,185
2,590
2,589
2,609
1,2714
5,4400
2,413
2,314
2,320
5,4401
2,311
2,603
2,316
2,418
2,321
2,337
2,326
2,391
2,392
2,553
2,380
2,464
2,373
2,552
5,4402
2,339
5,4403
2,323
2,313
2,156
2,416
2,415
2,420
2,161
2,168
2,136
2,259
2,514
2,400
2,340
2,414
2,424
2,499
2,189
2,101
2,57
2,137
2,178
2,402
4,4404
4,4405
2,4406
2,4407
2,4408
2,4409
2,4410
2,4411
2,4412
1,4414
1,4415
1,513
1,4416
1,4417
1,4418
1,4419
1,4420
1,4421
1,4422
1,4423
1,4424
1,4425
1,4426
3,4428
3,4429
3,4430
3,4431
3,4432
2,401
2,395
2,379
2,396
2,389
2,386
2,445
2,318
2,504
2,501
2,498
2,200
3,4434
2,146
1,4435
2,258
5,4436
2,1
5,4437
2,79
1,4438
2,493
2,4439
2,520
5,4440
2,519
2,378
2,398
2,374
2,381
2,404
2,399
2,372
2,377
2,376
3,960
2,438
2,521
2,522
2,515
2,3117
2,443
1,4441
2,505
2,506
1,4442
2,502
4,4443
2,492
4,4444
2,211
2,90
4,4445
2,157
2,403
2,142
2,4446
1,4447
1,2845
1,4448
1,2670
4,4449
1,2664
2,4450
1,2665
2,4451
1,2651
1,2639
1,2625
1,2565
1,2566
2,555
2,565
2,566
2,190
2,191
2,593
2,591
2,607
2,608
2,564
2,193
2,901
2,192
2,563
2,558
2,556
2,595
2,594
2,596
2,597
2,194
2,196
2,606
2,559
2,562
2,561
2,195
2,198
2,601
2,598
2,599
2,600
2,604
2,202
2,197
1,2567
1,2562
1,2563
1,2564
1,2561
1,2687
1,2683
1,2684
1,2549
1,2550
1,2551
1,2552
1,2553
1,2554
1,2555
2,199
1,2556
2,605
1,2558
2,286
1,2559
2,560
1,3028
2,602
2,430
2,145
2,148
2,147
2,143
2,144
2,204
2,138
2,201
2,275
2,308
2,151
2,419
2,364
2,353
2,397
2,408
2,141
2,149
2,342
2,139
2,331
2,150
2,203
2,319
2,375
2,293
2,295
2,294
2,292
2,291
2,300
2,299
2,296
2,298
1,3029
1,3030
1,3031
1,3033
1,3034
1,3035
1,3036
1,3037
1,3038
1,3039
1,3040
1,3041
1,3042
1,2547
1,2548
1,3020
1,3016
1,3010
1,3012
1,3013
1,3014
1,3015
1,3007
1,3008
1,3005
1,3003
1,3002
1,2999
1,2992
1,2993
1,2994
1,2995
1,2996
1,2997
1,2987
1,2964
1,2712
1,2634
1,2645
1,2657
1,2568
1,2579
1,2590
1,2601
1,2612
1,2623
1,3011
1,3021
1,2859
1,2858
1,2856
1,2857
1,3054
1,3047
1,3045
1,3096
1,2851
1,2850
1,2849
1,2847
1,2846
5,1922
1,2900
1,2717
5,2433
5,4452
1,4453
2,3620
2,4454
1,4455
1,4456
1,4457
1,4458
1,4459
1,4460
1,4461
1,4462
1,4463
1,4464
2,4465
2,4466
2,4467
2,4468
2,4469
2,4470
2,4471
2,4472
2,4473
2,4474
2,4475
2,4476
2,4477
2,4478
1,3074
2,4479
1,3076
2,4480
2,4481
1,3092
2,977
2,4482
2,4483
2,3110
1,3058
2,4484
2,4485
2,4486
2,4487
2,4488
2,4489
2,4490
2,4491
2,4492
2,4493
2,4494
2,4495
